address	name	body_bytes	status	message
800128cc	entry_fr	160	ok	
8001296c	FUN_8001296c	112	ok	
800129dc	FUN_800129dc	104	ok	
80012a44	startup_candidate_fr	404	ok	
80012c50	FUN_80012c50	56	ok	
80012c88	FUN_80012c88	48	ok	
80012cb8	FUN_80012cb8	168	ok	
80012d60	FUN_80012d60	528	ok	
80012f70	FUN_80012f70	232	ok	
80013058	FUN_80013058	548	ok	
800133d0	FUN_800133d0	44	ok	
800133fc	FUN_800133fc	76	ok	
80013448	FUN_80013448	208	ok	
80013518	FUN_80013518	216	ok	
800135f0	FUN_800135f0	16	ok	
80013600	FUN_80013600	256	ok	
80013700	FUN_80013700	180	ok	
800137b4	FUN_800137b4	92	ok	
80013810	FUN_80013810	76	ok	
8001385c	FUN_8001385c	88	ok	
800138b4	FUN_800138b4	252	ok	
800139b0	FUN_800139b0	112	ok	
80013a84	FUN_80013a84	192	ok	
80013b44	FUN_80013b44	1144	ok	
80013fbc	FUN_80013fbc	148	ok	
80014050	FUN_80014050	116	ok	
800140c4	FUN_800140c4	120	ok	
8001413c	FUN_8001413c	116	ok	
800141b0	FUN_800141b0	116	ok	
80014224	FUN_80014224	136	ok	
800142ac	FUN_800142ac	76	ok	
800142f8	FUN_800142f8	220	ok	
800143d4	FUN_800143d4	164	ok	
80014478	FUN_80014478	1280	ok	
80014978	FUN_80014978	212	ok	
80014a4c	FUN_80014a4c	272	ok	
80014b5c	FUN_80014b5c	476	ok	
80014d38	FUN_80014d38	208	ok	
80014e08	FUN_80014e08	184	ok	
80014ec0	FUN_80014ec0	108	ok	
80014f2c	FUN_80014f2c	40	ok	
80014f54	FUN_80014f54	64	ok	
80014f94	FUN_80014f94	196	ok	
80015058	FUN_80015058	116	ok	
800150cc	FUN_800150cc	40	ok	
800150f4	FUN_800150f4	312	ok	
8001522c	FUN_8001522c	468	ok	
80015400	FUN_80015400	468	ok	
800155d4	FUN_800155d4	36	ok	
800155f8	FUN_800155f8	80	ok	
80015648	FUN_80015648	84	ok	
8001569c	FUN_8001569c	92	ok	
800156f8	FUN_800156f8	64	ok	
80015738	FUN_80015738	84	ok	
8001578c	FUN_8001578c	72	ok	
800157d4	FUN_800157d4	76	ok	
80015820	FUN_80015820	64	ok	
80015860	FUN_80015860	84	ok	
800158b4	FUN_800158b4	64	ok	
800158f4	FUN_800158f4	40	ok	
8001591c	FUN_8001591c	40	ok	
80015944	FUN_80015944	40	ok	
8001596c	FUN_8001596c	68	ok	
800159b0	FUN_800159b0	68	ok	
800159f4	FUN_800159f4	40	ok	
80015a1c	FUN_80015a1c	40	ok	
80015a44	FUN_80015a44	40	ok	
80015a6c	FUN_80015a6c	68	ok	
80015ab0	FUN_80015ab0	68	ok	
80015af4	FUN_80015af4	24	ok	
80015b28	FUN_80015b28	60	ok	
80015b64	FUN_80015b64	60	ok	
80015ba0	FUN_80015ba0	60	ok	
80015bdc	FUN_80015bdc	60	ok	
80015c18	FUN_80015c18	16	ok	
80015c28	FUN_80015c28	12	ok	
80015c34	FUN_80015c34	160	ok	
80015cd4	FUN_80015cd4	68	ok	
80015d18	FUN_80015d18	248	ok	
80015e10	FUN_80015e10	1544	ok	
80016418	FUN_80016418	636	ok	
800166a0	FUN_800166a0	1408	ok	
80016c20	FUN_80016c20	40	ok	
80016c48	FUN_80016c48	176	ok	
80016cf8	FUN_80016cf8	148	ok	
80016d8c	FUN_80016d8c	412	ok	
80016f28	FUN_80016f28	40	ok	
80016f50	FUN_80016f50	148	ok	
80016fe4	FUN_80016fe4	104	ok	
8001704c	FUN_8001704c	120	ok	
800170c4	FUN_800170c4	1084	ok	
80017500	FUN_80017500	68	ok	
80017544	FUN_80017544	304	ok	
80017674	FUN_80017674	56	ok	
800176ac	FUN_800176ac	132	ok	
80017730	FUN_80017730	56	ok	
80017860	FUN_80017860	208	ok	
80017930	FUN_80017930	92	ok	
8001798c	FUN_8001798c	952	ok	
80017d44	FUN_80017d44	136	ok	
80017dcc	FUN_80017dcc	200	ok	
80017e94	FUN_80017e94	256	ok	
80017f94	FUN_80017f94	124	ok	
80018010	FUN_80018010	208	ok	
800180e0	FUN_800180e0	156	ok	
8001817c	FUN_8001817c	112	ok	
80018bc4	FUN_80018bc4	196	ok	
80018c88	FUN_80018c88	188	ok	
800193dc	FUN_800193dc	280	ok	
800194f4	FUN_800194f4	164	ok	
80019598	FUN_80019598	1024	ok	
80019998	FUN_80019998	88	ok	
800199f0	FUN_800199f0	204	ok	
80019b30	FUN_80019b30	48	ok	
80019b60	FUN_80019b60	248	ok	
80019c58	FUN_80019c58	80	ok	
8001b05c	FUN_8001b05c	164	ok	
8001b100	FUN_8001b100	1524	ok	
8001b6f4	FUN_8001b6f4	44	ok	
8001b720	FUN_8001b720	268	ok	
8001b82c	FUN_8001b82c	128	ok	
8001b8ac	FUN_8001b8ac	440	ok	
8001ba64	FUN_8001ba64	600	ok	
8001bcbc	FUN_8001bcbc	64	ok	
8001d1a0	FUN_8001d1a0	260	ok	
8001d324	FUN_8001d324	340	ok	
8001d478	FUN_8001d478	156	ok	
8001d514	FUN_8001d514	188	ok	
8001d5d0	FUN_8001d5d0	5632	ok	
8001ebd0	FUN_8001ebd0	176	ok	
8001ec80	FUN_8001ec80	292	ok	
8001eda4	FUN_8001eda4	216	ok	
8001ee7c	FUN_8001ee7c	92	ok	
8001eed8	FUN_8001eed8	92	ok	
8001ef34	FUN_8001ef34	252	ok	
8001f030	FUN_8001f030	660	ok	
8001f2c4	FUN_8001f2c4	504	ok	
800208e8	FUN_800208e8	604	ok	
80020b44	FUN_80020b44	364	ok	
80020cb0	FUN_80020cb0	412	ok	
80020e4c	FUN_80020e4c	100	ok	
80020eb0	FUN_80020eb0	1672	ok	
80021538	FUN_80021538	220	ok	
80021614	FUN_80021614	64	ok	
80021654	FUN_80021654	632	ok	
800218cc	FUN_800218cc	132	ok	
80021950	FUN_80021950	92	ok	
800219ac	FUN_800219ac	1992	ok	
80022174	FUN_80022174	572	ok	
800223b0	FUN_800223b0	804	ok	
800226d4	FUN_800226d4	92	ok	
80022730	FUN_80022730	896	ok	
80022ab0	FUN_80022ab0	928	ok	
80022e50	FUN_80022e50	344	ok	
80022fa8	FUN_80022fa8	172	ok	
80023054	FUN_80023054	88	ok	
800230ac	FUN_800230ac	160	ok	
8002314c	FUN_8002314c	180	ok	
80023200	FUN_80023200	840	ok	
80023548	FUN_80023548	88	ok	
800235a0	FUN_800235a0	220	ok	
8002367c	FUN_8002367c	1864	ok	
80023dc4	FUN_80023dc4	692	ok	
80024078	FUN_80024078	164	ok	
8002411c	FUN_8002411c	40	ok	
80024144	FUN_80024144	40	ok	
8002416c	FUN_8002416c	336	ok	
800242bc	FUN_800242bc	392	ok	
80024444	FUN_80024444	108	ok	
800244b0	FUN_800244b0	428	ok	
8002465c	FUN_8002465c	76	ok	
800247f0	FUN_800247f0	240	ok	
800248e0	FUN_800248e0	240	ok	
800249d0	FUN_800249d0	64	ok	
80024a10	FUN_80024a10	40	ok	
80024a38	FUN_80024a38	100	ok	
80024a9c	FUN_80024a9c	572	ok	
80024cd8	FUN_80024cd8	280	ok	
80024df0	FUN_80024df0	148	ok	
80024e84	FUN_80024e84	92	ok	
80024ee0	FUN_80024ee0	40	ok	
80024f14	FUN_80024f14	452	ok	
800250d8	FUN_800250d8	160	ok	
80025178	FUN_80025178	404	ok	
8002543c	FUN_8002543c	624	ok	
800256ac	FUN_800256ac	420	ok	
80025850	FUN_80025850	460	ok	
80025a1c	FUN_80025a1c	444	ok	
80025bd8	FUN_80025bd8	196	ok	
80025c9c	FUN_80025c9c	324	ok	
80025de0	FUN_80025de0	432	ok	
80025f90	FUN_80025f90	92	ok	
80025fec	FUN_80025fec	404	ok	
80026180	FUN_80026180	348	ok	
800262dc	FUN_800262dc	168	ok	
80026384	FUN_80026384	1880	ok	
80026adc	FUN_80026adc	224	ok	
80026bbc	FUN_80026bbc	112	ok	
80026c2c	FUN_80026c2c	104	ok	
80026c94	FUN_80026c94	96	ok	
80026cf4	FUN_80026cf4	172	ok	
80026da0	FUN_80026da0	176	ok	
80026e50	FUN_80026e50	664	ok	
800270e8	FUN_800270e8	204	ok	
800271b4	FUN_800271b4	252	ok	
800272b0	FUN_800272b0	736	ok	
80027590	FUN_80027590	644	ok	
80027814	FUN_80027814	276	ok	
80027928	FUN_80027928	284	ok	
80027a44	FUN_80027a44	1084	ok	
80027e80	FUN_80027e80	1064	ok	
800282a8	FUN_800282a8	64	ok	
80028370	FUN_80028370	40	ok	
80028398	FUN_80028398	220	ok	
8002847c	FUN_8002847c	1320	ok	
800289a4	FUN_800289a4	128	ok	
80028a2c	FUN_80028a2c	116	ok	
80028aa0	FUN_80028aa0	364	ok	
80028c0c	FUN_80028c0c	1652	ok	
80029280	FUN_80029280	92	ok	
800292dc	FUN_800292dc	120	ok	
80029354	FUN_80029354	876	ok	
800296c0	FUN_800296c0	76	ok	
8002970c	FUN_8002970c	28	ok	
80029728	FUN_80029728	244	ok	
8002981c	FUN_8002981c	344	ok	
80029974	FUN_80029974	344	ok	
80029acc	FUN_80029acc	1404	ok	
8002a048	FUN_8002a048	20	ok	
8002a484	FUN_8002a484	216	ok	
8002a55c	FUN_8002a55c	220	ok	
8002a638	FUN_8002a638	440	ok	
8002a7f0	FUN_8002a7f0	88	ok	
8002a848	FUN_8002a848	208	ok	
8002a918	FUN_8002a918	568	ok	
8002ab50	FUN_8002ab50	500	ok	
8002ad44	FUN_8002ad44	240	ok	
8002ae34	FUN_8002ae34	3568	ok	
8002bc24	FUN_8002bc24	12	ok	
8002bc30	FUN_8002bc30	8	ok	
8002bc38	FUN_8002bc38	600	ok	
8002be90	FUN_8002be90	652	ok	
8002c11c	FUN_8002c11c	144	ok	
8002c1ac	FUN_8002c1ac	1064	ok	
8002c6b0	FUN_8002c6b0	60	ok	
8002c6ec	FUN_8002c6ec	72	ok	
8002c76c	FUN_8002c76c	52	ok	
8002c7a0	FUN_8002c7a0	56	ok	
8002c7d8	FUN_8002c7d8	136	ok	
8002c860	FUN_8002c860	60	ok	
8002c89c	FUN_8002c89c	288	ok	
8002c9bc	FUN_8002c9bc	336	ok	
8002cb88	FUN_8002cb88	412	ok	
8002cd54	FUN_8002cd54	116	ok	
8002cdc8	FUN_8002cdc8	180	ok	
8002ce7c	FUN_8002ce7c	60	ok	
8002ceb8	FUN_8002ceb8	100	ok	
8002cf1c	FUN_8002cf1c	68	ok	
8002cf60	FUN_8002cf60	92	ok	
8002cfbc	FUN_8002cfbc	32	ok	
8002d354	FUN_8002d354	344	ok	
8002d62c	FUN_8002d62c	304	ok	
8002dbe0	FUN_8002dbe0	564	ok	
8002df60	FUN_8002df60	136	ok	
8002e11c	FUN_8002e11c	392	ok	
8002e2a4	FUN_8002e2a4	84	ok	
8002e2f8	FUN_8002e2f8	200	ok	
8002e3c0	FUN_8002e3c0	588	ok	
8002e60c	FUN_8002e60c	68	ok	
8002e650	FUN_8002e650	40	ok	
8002e678	FUN_8002e678	32	ok	
8002e698	FUN_8002e698	116	ok	
8002e70c	FUN_8002e70c	316	ok	
8002e848	FUN_8002e848	256	ok	
8002e9c0	FUN_8002e9c0	492	ok	
8002ebac	FUN_8002ebac	136	ok	
8002eca0	FUN_8002eca0	316	ok	
8002ee0c	FUN_8002ee0c	252	ok	
8002ef08	FUN_8002ef08	316	ok	
8002f044	FUN_8002f044	112	ok	
8002f0f0	FUN_8002f0f0	56	ok	
8002f128	FUN_8002f128	1388	ok	
8002f6a4	FUN_8002f6a4	128	ok	
8002f724	FUN_8002f724	372	ok	
8002f898	FUN_8002f898	744	ok	
8002fbb8	FUN_8002fbb8	108	ok	
8002fc24	FUN_8002fc24	84	ok	
8002fca4	FUN_8002fca4	292	ok	
8002fdc8	FUN_8002fdc8	412	ok	
8002ff64	FUN_8002ff64	448	ok	
8003012c	FUN_8003012c	252	ok	
80030228	FUN_80030228	124	ok	
800302e4	FUN_800302e4	28	ok	
80030300	FUN_80030300	28	ok	
8003031c	FUN_8003031c	208	ok	
800303ec	FUN_800303ec	160	ok	
8003048c	FUN_8003048c	68	ok	
800304d0	FUN_800304d0	1316	ok	
80031228	FUN_80031228	64	ok	
80031268	FUN_80031268	32	ok	
800312b8	FUN_800312b8	76	ok	
80031388	FUN_80031388	684	ok	
80031640	FUN_80031640	396	ok	
800317cc	FUN_800317cc	380	ok	
80031948	FUN_80031948	148	ok	
800319dc	FUN_800319dc	140	ok	
80031a68	FUN_80031a68	240	ok	
80031b58	FUN_80031b58	1312	ok	
80032078	FUN_80032078	352	ok	
800321d8	FUN_800321d8	88	ok	
80032230	FUN_80032230	136	ok	
800322b8	FUN_800322b8	152	ok	
80032350	FUN_80032350	160	ok	
800323f0	FUN_800323f0	160	ok	
80032490	FUN_80032490	200	ok	
80032558	FUN_80032558	508	ok	
80032754	FUN_80032754	72	ok	
8003279c	FUN_8003279c	136	ok	
80032824	FUN_80032824	2064	ok	
80033034	FUN_80033034	40	ok	
80033144	FUN_80033144	1140	ok	
800335b8	FUN_800335b8	1096	ok	
80033a00	FUN_80033a00	60	ok	
80033a3c	FUN_80033a3c	436	ok	
80033bf0	FUN_80033bf0	500	ok	
80033de4	FUN_80033de4	180	ok	
80033e98	FUN_80033e98	56	ok	
80033ed0	FUN_80033ed0	536	ok	
800340e8	FUN_800340e8	168	ok	
80034190	FUN_80034190	24	ok	
800341f8	FUN_800341f8	184	ok	
80034d30	FUN_80034d30	3432	ok	
80035ac8	FUN_80035ac8	160	ok	
80035b68	FUN_80035b68	24	ok	
80035ba0	FUN_80035ba0	168	ok	
80035c48	FUN_80035c48	160	ok	
80035ce8	FUN_80035ce8	184	ok	
80035da0	FUN_80035da0	92	ok	
80035dfc	FUN_80035dfc	80	ok	
80035e4c	FUN_80035e4c	100	ok	
80035eb0	FUN_80035eb0	168	ok	
80035f58	FUN_80035f58	12	ok	
80035f64	FUN_80035f64	76	ok	
80035fb0	FUN_80035fb0	56	ok	
80035fe8	FUN_80035fe8	240	ok	
800360d8	FUN_800360d8	112	ok	
80036148	FUN_80036148	60	ok	
80036184	FUN_80036184	84	ok	
800361d8	FUN_800361d8	96	ok	
80036238	FUN_80036238	60	ok	
80036274	FUN_80036274	36	ok	
80036298	FUN_80036298	2508	ok	
80036c64	FUN_80036c64	408	ok	
80036dfc	FUN_80036dfc	52	ok	
80036e30	FUN_80036e30	76	ok	
80036e7c	FUN_80036e7c	116	ok	
80036ef0	FUN_80036ef0	140	ok	
80036f7c	FUN_80036f7c	280	ok	
8003712c	FUN_8003712c	436	ok	
800372e0	FUN_800372e0	116	ok	
80037354	FUN_80037354	92	ok	
800373b0	FUN_800373b0	144	ok	
80037440	FUN_80037440	76	ok	
8003748c	FUN_8003748c	176	ok	
8003753c	FUN_8003753c	216	ok	
80037614	FUN_80037614	160	ok	
800376b4	FUN_800376b4	144	ok	
80037814	FUN_80037814	92	ok	
8003795c	FUN_8003795c	52	ok	
80037990	FUN_80037990	96	ok	
800379f0	FUN_800379f0	232	ok	
80037c0c	FUN_80037c0c	108	ok	
80037d3c	FUN_80037d3c	600	ok	
80037f94	FUN_80037f94	76	ok	
80038004	FUN_80038004	64	ok	
800380b8	FUN_800380b8	352	ok	
80038340	FUN_80038340	40	ok	
80038368	FUN_80038368	40	ok	
80038504	FUN_80038504	352	ok	
80038664	FUN_80038664	40	ok	
8003868c	FUN_8003868c	224	ok	
8003876c	FUN_8003876c	104	ok	
800387d4	FUN_800387d4	136	ok	
800388ac	FUN_800388ac	236	ok	
800389ac	FUN_800389ac	108	ok	
80038a18	FUN_80038a18	108	ok	
80038a84	FUN_80038a84	88	ok	
80038adc	FUN_80038adc	64	ok	
80038b4c	FUN_80038b4c	92	ok	
80038ba8	FUN_80038ba8	72	ok	
80038bf0	FUN_80038bf0	280	ok	
80038d20	FUN_80038d20	140	ok	
80038dac	FUN_80038dac	100	ok	
80038e10	FUN_80038e10	116	ok	
80038eb8	FUN_80038eb8	656	ok	
80039148	FUN_80039148	164	ok	
800391ec	FUN_800391ec	460	ok	
800393b8	FUN_800393b8	952	ok	
80039770	FUN_80039770	416	ok	
80039910	FUN_80039910	224	ok	
800399f0	FUN_800399f0	76	ok	
80039a3c	FUN_80039a3c	76	ok	
80039a88	FUN_80039a88	40	ok	
80039ab0	FUN_80039ab0	20	ok	
80039ac4	FUN_80039ac4	228	ok	
80039ba8	FUN_80039ba8	196	ok	
80039c6c	FUN_80039c6c	208	ok	
80039d3c	FUN_80039d3c	488	ok	
80039f24	FUN_80039f24	96	ok	
80039f84	FUN_80039f84	116	ok	
80039ff8	FUN_80039ff8	144	ok	
8003a088	FUN_8003a088	32	ok	
8003a0a8	FUN_8003a0a8	36	ok	
8003a0cc	FUN_8003a0cc	352	ok	
8003a22c	FUN_8003a22c	128	ok	
8003a2ac	FUN_8003a2ac	40	ok	
8003a2d4	FUN_8003a2d4	76	ok	
8003a320	FUN_8003a320	68	ok	
8003a364	FUN_8003a364	36	ok	
8003a3ac	FUN_8003a3ac	380	ok	
8003a528	FUN_8003a528	84	ok	
8003a57c	FUN_8003a57c	596	ok	
8003a7d0	FUN_8003a7d0	288	ok	
8003a8f0	FUN_8003a8f0	960	ok	
8003acb0	FUN_8003acb0	60	ok	
8003acec	FUN_8003acec	52	ok	
8003ad20	FUN_8003ad20	340	ok	
8003ae74	FUN_8003ae74	356	ok	
8003afd8	FUN_8003afd8	292	ok	
8003b0fc	FUN_8003b0fc	744	ok	
8003b3e4	FUN_8003b3e4	804	ok	
8003b708	FUN_8003b708	404	ok	
8003b89c	FUN_8003b89c	188	ok	
8003b990	FUN_8003b990	116	ok	
8003ba04	FUN_8003ba04	32	ok	
8003ba24	FUN_8003ba24	16	ok	
8003baf4	FUN_8003baf4	448	ok	
8003bcb4	FUN_8003bcb4	88	ok	
8003bd0c	FUN_8003bd0c	488	ok	
8003bef4	FUN_8003bef4	72	ok	
8003bf3c	FUN_8003bf3c	212	ok	
8003c010	FUN_8003c010	424	ok	
8003c1b8	FUN_8003c1b8	72	ok	
8003c200	FUN_8003c200	452	ok	
8003c3c4	FUN_8003c3c4	96	ok	
8003c424	FUN_8003c424	416	ok	
8003c5c4	FUN_8003c5c4	424	ok	
8003c76c	FUN_8003c76c	416	ok	
8003c90c	FUN_8003c90c	96	ok	
8003c96c	FUN_8003c96c	372	ok	
8003cae0	FUN_8003cae0	100	ok	
8003cb44	FUN_8003cb44	276	ok	
8003cc58	FUN_8003cc58	288	ok	
8003cd78	FUN_8003cd78	108	ok	
8003cde4	FUN_8003cde4	80	ok	
8003ce34	FUN_8003ce34	112	ok	
8003cea4	FUN_8003cea4	288	ok	
8003cfc4	FUN_8003cfc4	80	ok	
8003d014	FUN_8003d014	44	ok	
8003d040	FUN_8003d040	68	ok	
8003d084	FUN_8003d084	92	ok	
8003d0e0	FUN_8003d0e0	180	ok	
8003d194	FUN_8003d194	116	ok	
8003d208	FUN_8003d208	184	ok	
8003d2c0	FUN_8003d2c0	128	ok	
8003d340	FUN_8003d340	276	ok	
8003d454	FUN_8003d454	48	ok	
8003d484	FUN_8003d484	72	ok	
8003d500	FUN_8003d500	312	ok	
8003d638	FUN_8003d638	172	ok	
8003dde0	FUN_8003dde0	2016	ok	
8003e5c0	FUN_8003e5c0	36	ok	
8003e5e4	FUN_8003e5e4	836	ok	
8003e9a8	FUN_8003e9a8	1980	ok	
8003f5c4	FUN_8003f5c4	216	ok	
8003f69c	FUN_8003f69c	204	ok	
8003f768	FUN_8003f768	712	ok	
8003fa30	FUN_8003fa30	52	ok	
8003fa64	FUN_8003fa64	24	ok	
8003fa7c	FUN_8003fa7c	124	ok	
8003faf8	FUN_8003faf8	60	ok	
8003fb34	FUN_8003fb34	108	ok	
8003fba0	FUN_8003fba0	88	ok	
8003fbf8	FUN_8003fbf8	1028	ok	
8003fffc	FUN_8003fffc	60	ok	
80040138	FUN_80040138	92	ok	
800401a4	FUN_800401a4	96	ok	
80040204	FUN_80040204	40	ok	
8004022c	FUN_8004022c	44	ok	
80040258	FUN_80040258	36	ok	
8004027c	FUN_8004027c	48	ok	
800402ac	FUN_800402ac	44	ok	
800402d8	FUN_800402d8	36	ok	
800402fc	FUN_800402fc	36	ok	
80040320	FUN_80040320	48	ok	
80040350	FUN_80040350	64	ok	
80040390	FUN_80040390	64	ok	
800403d0	FUN_800403d0	352	ok	
80040530	FUN_80040530	148	ok	
800405c4	FUN_800405c4	204	ok	
80040690	FUN_80040690	36	ok	
800406b4	FUN_800406b4	96	ok	
80040714	FUN_80040714	32	ok	
80040734	FUN_80040734	20	ok	
80040748	FUN_80040748	40	ok	
8004078c	FUN_8004078c	116	ok	
80040800	FUN_80040800	68	ok	
80040844	FUN_80040844	120	ok	
800408bc	FUN_800408bc	652	ok	
80040b48	FUN_80040b48	188	ok	
80040c04	FUN_80040c04	808	ok	
80040f2c	FUN_80040f2c	180	ok	
80040fe0	FUN_80040fe0	104	ok	
80041048	FUN_80041048	196	ok	
8004110c	FUN_8004110c	656	ok	
8004139c	FUN_8004139c	728	ok	
80041674	FUN_80041674	220	ok	
800417d0	FUN_800417d0	152	ok	
800418c0	FUN_800418c0	1788	ok	
80041fbc	FUN_80041fbc	212	ok	
80042090	FUN_80042090	284	ok	
800421ac	FUN_800421ac	276	ok	
800422c0	FUN_800422c0	504	ok	
800424b8	FUN_800424b8	1620	ok	
80042b0c	FUN_80042b0c	72	ok	
80042ba4	FUN_80042ba4	52	ok	
80042bd8	FUN_80042bd8	68	ok	
80042c1c	FUN_80042c1c	44	ok	
80042c48	FUN_80042c48	36	ok	
80042c6c	FUN_80042c6c	36	ok	
80042c90	FUN_80042c90	72	ok	
80042d08	FUN_80042d08	40	ok	
80042d30	FUN_80042d30	40	ok	
80042d58	FUN_80042d58	40	ok	
80042d80	FUN_80042d80	40	ok	
80042da8	FUN_80042da8	44	ok	
80042dd4	FUN_80042dd4	52	ok	
80042e08	FUN_80042e08	48	ok	
80042e38	FUN_80042e38	56	ok	
80042e70	FUN_80042e70	88	ok	
80042ec8	FUN_80042ec8	40	ok	
80042ef0	FUN_80042ef0	72	ok	
80042f38	FUN_80042f38	1392	ok	
800434a8	FUN_800434a8	20	ok	
800434bc	FUN_800434bc	164	ok	
80043560	FUN_80043560	248	ok	
80043658	FUN_80043658	636	ok	
800438d4	FUN_800438d4	420	ok	
80043a78	FUN_80043a78	604	ok	
80043cd4	FUN_80043cd4	168	ok	
80043d7c	FUN_80043d7c	76	ok	
80043dc8	FUN_80043dc8	116	ok	
80043e3c	FUN_80043e3c	584	ok	
80044084	FUN_80044084	384	ok	
80044204	FUN_80044204	88	ok	
8004425c	FUN_8004425c	144	ok	
800442ec	FUN_800442ec	56	ok	
80044324	FUN_80044324	84	ok	
80044378	FUN_80044378	380	ok	
800444f4	FUN_800444f4	124	ok	
80044570	FUN_80044570	60	ok	
800445ac	FUN_800445ac	76	ok	
800445f8	FUN_800445f8	160	ok	
80044698	FUN_80044698	156	ok	
80044734	FUN_80044734	108	ok	
800447a0	FUN_800447a0	156	ok	
8004483c	FUN_8004483c	108	ok	
800448a8	FUN_800448a8	132	ok	
8004492c	FUN_8004492c	212	ok	
80044a00	FUN_80044a00	84	ok	
80044a54	FUN_80044a54	112	ok	
80044ac4	FUN_80044ac4	560	ok	
80044cf4	FUN_80044cf4	1180	ok	
80045190	FUN_80045190	40	ok	
80045204	FUN_80045204	88	ok	
8004525c	FUN_8004525c	32	ok	
8004527c	FUN_8004527c	208	ok	
8004534c	FUN_8004534c	200	ok	
80045414	FUN_80045414	140	ok	
800454b8	FUN_800454b8	64	ok	
800454f8	FUN_800454f8	24	ok	
80045510	FUN_80045510	192	ok	
800455d0	FUN_800455d0	204	ok	
8004569c	FUN_8004569c	40	ok	
800456c4	FUN_800456c4	300	ok	
800457f0	FUN_800457f0	280	ok	
80045918	FUN_80045918	40	ok	
80045940	FUN_80045940	144	ok	
800459d0	FUN_800459d0	1748	ok	
800460a4	FUN_800460a4	176	ok	
80046154	FUN_80046154	676	ok	
800463f8	FUN_800463f8	856	ok	
80046750	FUN_80046750	604	ok	
800469ac	FUN_800469ac	380	ok	
80046bd8	FUN_80046bd8	76	ok	
80046c24	FUN_80046c24	500	ok	
80046e4c	FUN_80046e4c	120	ok	
80046ec4	FUN_80046ec4	948	ok	
80047278	FUN_80047278	368	ok	
800473e8	FUN_800473e8	72	ok	
80047430	FUN_80047430	104	ok	
800474cc	FUN_800474cc	20	ok	
800474e0	FUN_800474e0	96	ok	
80047540	FUN_80047540	144	ok	
800475d0	FUN_800475d0	144	ok	
80047660	FUN_80047660	168	ok	
80047708	FUN_80047708	48	ok	
80047738	FUN_80047738	108	ok	
800477a4	FUN_800477a4	40	ok	
800477cc	FUN_800477cc	144	ok	
8004785c	FUN_8004785c	36	ok	
80047880	FUN_80047880	64	ok	
800478c0	FUN_800478c0	40	ok	
800478e8	FUN_800478e8	40	ok	
80047910	FUN_80047910	444	ok	
80047acc	FUN_80047acc	120	ok	
80047b44	FUN_80047b44	212	ok	
80047c18	FUN_80047c18	220	ok	
80047cf4	FUN_80047cf4	136	ok	
80047d7c	FUN_80047d7c	380	ok	
80047ef8	FUN_80047ef8	104	ok	
80047f60	FUN_80047f60	152	ok	
80047ff8	FUN_80047ff8	76	ok	
80048044	FUN_80048044	156	ok	
800480e0	FUN_800480e0	32	ok	
80048100	FUN_80048100	84	ok	
80048154	FUN_80048154	236	ok	
80048240	FUN_80048240	276	ok	
80048354	FUN_80048354	116	ok	
800483c8	FUN_800483c8	116	ok	
8004843c	FUN_8004843c	144	ok	
800484cc	FUN_800484cc	628	ok	
80048740	FUN_80048740	936	ok	
80048ae8	FUN_80048ae8	272	ok	
80048bf8	FUN_80048bf8	440	ok	
80048db0	FUN_80048db0	264	ok	
80048eb8	FUN_80048eb8	484	ok	
80049100	FUN_80049100	152	ok	
80049198	FUN_80049198	524	ok	
800493a4	FUN_800493a4	252	ok	
800494a0	FUN_800494a0	224	ok	
80049580	FUN_80049580	24	ok	
80049598	FUN_80049598	24	ok	
800495b0	FUN_800495b0	24	ok	
800495c8	FUN_800495c8	200	ok	
80049690	FUN_80049690	48	ok	
800496c0	FUN_800496c0	168	ok	
80049768	FUN_80049768	48	ok	
80049798	FUN_80049798	140	ok	
80049824	FUN_80049824	100	ok	
80049888	FUN_80049888	60	ok	
800498c4	FUN_800498c4	192	ok	
80049984	FUN_80049984	80	ok	
800499d4	FUN_800499d4	80	ok	
80049a24	FUN_80049a24	16	ok	
80049a34	FUN_80049a34	56	ok	
80049a6c	FUN_80049a6c	16	ok	
80049a7c	FUN_80049a7c	20	ok	
80049a90	FUN_80049a90	64	ok	
80049ad0	FUN_80049ad0	84	ok	
80049b24	FUN_80049b24	48	ok	
80049b54	FUN_80049b54	152	ok	
80049bec	FUN_80049bec	132	ok	
80049c70	FUN_80049c70	220	ok	
80049d4c	FUN_80049d4c	60	ok	
80049d88	FUN_80049d88	40	ok	
80049db0	FUN_80049db0	324	ok	
80049ef4	FUN_80049ef4	144	ok	
80049f84	FUN_80049f84	184	ok	
8004a03c	FUN_8004a03c	148	ok	
8004a0d0	FUN_8004a0d0	112	ok	
8004a140	FUN_8004a140	72	ok	
8004a188	FUN_8004a188	224	ok	
8004a268	FUN_8004a268	240	ok	
8004a358	FUN_8004a358	72	ok	
8004a3a0	FUN_8004a3a0	64	ok	
8004a3e0	FUN_8004a3e0	100	ok	
8004a444	FUN_8004a444	328	ok	
8004a58c	FUN_8004a58c	384	ok	
8004a70c	FUN_8004a70c	124	ok	
8004a788	FUN_8004a788	196	ok	
8004a84c	FUN_8004a84c	128	ok	
8004a8cc	FUN_8004a8cc	220	ok	
8004a9a8	FUN_8004a9a8	448	ok	
8004ab68	FUN_8004ab68	32	ok	
8004ab88	FUN_8004ab88	108	ok	
8004abf4	FUN_8004abf4	92	ok	
8004ac50	FUN_8004ac50	148	ok	
8004ace4	FUN_8004ace4	144	ok	
8004ad74	FUN_8004ad74	92	ok	
8004add0	FUN_8004add0	444	ok	
8004af8c	FUN_8004af8c	488	ok	
8004b174	FUN_8004b174	260	ok	
8004b278	FUN_8004b278	1420	ok	
8004b804	FUN_8004b804	296	ok	
8004b92c	FUN_8004b92c	588	ok	
8004bb78	FUN_8004bb78	36	ok	
8004bb9c	FUN_8004bb9c	40	ok	
8004bbc4	FUN_8004bbc4	288	ok	
8004bce4	FUN_8004bce4	188	ok	
8004bda0	FUN_8004bda0	128	ok	
8004be20	FUN_8004be20	80	ok	
8004be70	FUN_8004be70	192	ok	
8004bf30	FUN_8004bf30	68	ok	
8004bf74	FUN_8004bf74	80	ok	
8004bfc4	FUN_8004bfc4	136	ok	
8004c04c	FUN_8004c04c	112	ok	
8004c0bc	FUN_8004c0bc	124	ok	
8004c138	FUN_8004c138	64	ok	
8004c178	FUN_8004c178	388	ok	
8004c2fc	FUN_8004c2fc	20	ok	
8004c310	FUN_8004c310	8	ok	
8004c318	FUN_8004c318	548	ok	
8004c53c	FUN_8004c53c	104	ok	
8004c5a4	FUN_8004c5a4	780	ok	
8004c8b0	FUN_8004c8b0	320	ok	
8004c9f0	FUN_8004c9f0	104	ok	
8004ca58	FUN_8004ca58	436	ok	
8004cc0c	FUN_8004cc0c	208	ok	
8004ccdc	FUN_8004ccdc	124	ok	
8004cd58	FUN_8004cd58	408	ok	
8004cef0	FUN_8004cef0	92	ok	
8004cf4c	FUN_8004cf4c	80	ok	
8004cf9c	FUN_8004cf9c	708	ok	
8004d260	FUN_8004d260	856	ok	
8004d5b8	FUN_8004d5b8	268	ok	
8004d954	FUN_8004d954	36	ok	
8004d978	FUN_8004d978	44	ok	
8004d9a4	FUN_8004d9a4	528	ok	
8004dbb4	FUN_8004dbb4	3172	ok	
8004e818	FUN_8004e818	1004	ok	
8004ec04	FUN_8004ec04	1148	ok	
8004f080	FUN_8004f080	260	ok	
8004f184	FUN_8004f184	12	ok	
8004f190	FUN_8004f190	12	ok	
8004f19c	FUN_8004f19c	12	ok	
8004f1a8	FUN_8004f1a8	12	ok	
8004f1b4	FUN_8004f1b4	20	ok	
8004f1c8	FUN_8004f1c8	196	ok	
8004f28c	FUN_8004f28c	316	ok	
8004f3c8	FUN_8004f3c8	428	ok	
8004f598	FUN_8004f598	64	ok	
8004f5d8	FUN_8004f5d8	332	ok	
8004f724	FUN_8004f724	156	ok	
8004f7c0	FUN_8004f7c0	120	ok	
8004f838	FUN_8004f838	244	ok	
8004f92c	FUN_8004f92c	456	ok	
8004faf4	FUN_8004faf4	36	ok	
8004fb18	FUN_8004fb18	12	ok	
8004fb24	FUN_8004fb24	28	ok	
8004fb40	FUN_8004fb40	148	ok	
8004fbd4	FUN_8004fbd4	88	ok	
8004fc2c	FUN_8004fc2c	1576	ok	
80050254	FUN_80050254	1164	ok	
800506e0	FUN_800506e0	464	ok	
800508b0	FUN_800508b0	440	ok	
80050a68	FUN_80050a68	512	ok	
80050d8c	FUN_80050d8c	492	ok	
80050f78	FUN_80050f78	2444	ok	
80051904	FUN_80051904	496	ok	
80051af4	FUN_80051af4	352	ok	
80051c54	FUN_80051c54	4908	ok	
80052f80	FUN_80052f80	1880	ok	
800536d8	FUN_800536d8	588	ok	
80053924	FUN_80053924	1876	ok	
80054078	FUN_80054078	328	ok	
800541c0	FUN_800541c0	740	ok	
800544a4	FUN_800544a4	1784	ok	
80054b9c	FUN_80054b9c	2784	ok	
8005567c	FUN_8005567c	364	ok	
800557e8	FUN_800557e8	556	ok	
80055a14	FUN_80055a14	1152	ok	
80055e94	FUN_80055e94	920	ok	
8005622c	FUN_8005622c	388	ok	
800563b0	FUN_800563b0	400	ok	
80056540	FUN_80056540	224	ok	
80056620	FUN_80056620	3068	ok	
8005721c	FUN_8005721c	5700	ok	
80058860	FUN_80058860	748	ok	
80058b4c	FUN_80058b4c	1864	ok	
80059294	FUN_80059294	308	ok	
800593c8	FUN_800593c8	692	ok	
8005967c	FUN_8005967c	804	ok	
800599a0	FUN_800599a0	1364	ok	
80059ef4	FUN_80059ef4	1996	ok	
8005a6c0	FUN_8005a6c0	620	ok	
8005a92c	FUN_8005a92c	844	ok	
8005ac78	FUN_8005ac78	812	ok	
8005afa4	FUN_8005afa4	280	ok	
8005b0bc	FUN_8005b0bc	412	ok	
8005b258	FUN_8005b258	492	ok	
8005b444	FUN_8005b444	392	ok	
8005b5cc	FUN_8005b5cc	496	ok	
8005b7bc	FUN_8005b7bc	532	ok	
8005b9d0	FUN_8005b9d0	256	ok	
8005bad0	FUN_8005bad0	324	ok	
8005bc14	FUN_8005bc14	692	ok	
8005bed4	FUN_8005bed4	12	ok	
8005bee0	FUN_8005bee0	68	ok	
8005bf24	FUN_8005bf24	32	ok	
8005bf70	FUN_8005bf70	44	ok	
8005c018	FUN_8005c018	16	ok	
8005c0b8	FUN_8005c0b8	80	ok	
8005c108	FUN_8005c108	220	ok	
8005c1e4	FUN_8005c1e4	88	ok	
8005c23c	FUN_8005c23c	140	ok	
8005c2c8	FUN_8005c2c8	60	ok	
8005c304	FUN_8005c304	12	ok	
8005c310	FUN_8005c310	12	ok	
8005c328	FUN_8005c328	12	ok	
8005c334	FUN_8005c334	88	ok	
8005c38c	FUN_8005c38c	40	ok	
8005c3b4	FUN_8005c3b4	292	ok	
8005c4d8	FUN_8005c4d8	204	ok	
8005c628	FUN_8005c628	112	ok	
8005c698	FUN_8005c698	56	ok	
8005c6d0	FUN_8005c6d0	212	ok	
8005c7a4	FUN_8005c7a4	100	ok	
8005c808	FUN_8005c808	200	ok	
8005c8d0	FUN_8005c8d0	196	ok	
8005c994	FUN_8005c994	88	ok	
8005c9ec	FUN_8005c9ec	36	ok	
8005ca10	FUN_8005ca10	244	ok	
8005cb04	FUN_8005cb04	84	ok	
8005cb58	FUN_8005cb58	88	ok	
8005cbb0	FUN_8005cbb0	56	ok	
8005cbe8	FUN_8005cbe8	12	ok	
8005cbf4	FUN_8005cbf4	12	ok	
8005cc00	FUN_8005cc00	152	ok	
8005cc98	FUN_8005cc98	136	ok	
8005cd20	FUN_8005cd20	12	ok	
8005cd2c	FUN_8005cd2c	100	ok	
8005cd90	FUN_8005cd90	20	ok	
8005cda4	FUN_8005cda4	52	ok	
8005cdd8	FUN_8005cdd8	20	ok	
8005cdec	FUN_8005cdec	244	ok	
8005cee0	FUN_8005cee0	228	ok	
8005cfc4	FUN_8005cfc4	92	ok	
8005d020	FUN_8005d020	148	ok	
8005d0b4	FUN_8005d0b4	100	ok	
8005d118	FUN_8005d118	100	ok	
8005d17c	FUN_8005d17c	104	ok	
8005d1e4	FUN_8005d1e4	84	ok	
8005d238	FUN_8005d238	88	ok	
8005d290	FUN_8005d290	108	ok	
8005d2fc	FUN_8005d2fc	236	ok	
8005d3e8	FUN_8005d3e8	240	ok	
8005d4d8	FUN_8005d4d8	152	ok	
8005d570	FUN_8005d570	92	ok	
8005d5cc	FUN_8005d5cc	120	ok	
8005d644	FUN_8005d644	220	ok	
8005d720	FUN_8005d720	144	ok	
8005d7b0	FUN_8005d7b0	464	ok	
8005d980	FUN_8005d980	76	ok	
8005d9cc	FUN_8005d9cc	200	ok	
8005da94	FUN_8005da94	196	ok	
8005db58	FUN_8005db58	212	ok	
8005dc2c	FUN_8005dc2c	120	ok	
8005dca4	FUN_8005dca4	1844	ok	
8005e3d8	FUN_8005e3d8	1160	ok	
8005e860	FUN_8005e860	1564	ok	
8005ee7c	FUN_8005ee7c	496	ok	
8005f06c	FUN_8005f06c	96	ok	
8005f0cc	FUN_8005f0cc	1124	ok	
8005f530	FUN_8005f530	76	ok	
8005f57c	FUN_8005f57c	600	ok	
8005f7d4	FUN_8005f7d4	76	ok	
80067d88	FUN_80067d88	532	ok	
80067f9c	FUN_80067f9c	712	ok	
80068264	FUN_80068264	492	ok	
80068450	FUN_80068450	96	ok	
800684b0	FUN_800684b0	428	ok	
80068bb0	FUN_80068bb0	96	ok	
80068c10	FUN_80068c10	80	ok	
80069d90	FUN_80069d90	748	ok	
8006a07c	FUN_8006a07c	728	ok	
8006a354	FUN_8006a354	388	ok	
8006a4d8	FUN_8006a4d8	556	ok	
8006a884	FUN_8006a884	220	ok	
8006a960	FUN_8006a960	140	ok	
8006a9ec	FUN_8006a9ec	64	ok	
8006aa2c	FUN_8006aa2c	56	ok	
8006aa64	FUN_8006aa64	92	ok	
8006aac0	FUN_8006aac0	16	ok	
8006aad0	FUN_8006aad0	88	ok	
8006ab28	FUN_8006ab28	100	ok	
8006ab9c	FUN_8006ab9c	824	ok	
8006aed4	FUN_8006aed4	428	ok	
8006b080	FUN_8006b080	240	ok	
8006b170	FUN_8006b170	240	ok	
8006b260	FUN_8006b260	240	ok	
8006b350	FUN_8006b350	528	ok	
8006b560	FUN_8006b560	84	ok	
8006b5b4	FUN_8006b5b4	3356	ok	
8006c2d0	FUN_8006c2d0	1148	ok	
8006c74c	FUN_8006c74c	476	ok	
8006c928	FUN_8006c928	16	ok	
8006c938	FUN_8006c938	36	ok	
8006c95c	FUN_8006c95c	76	ok	
8006c9a8	FUN_8006c9a8	2556	ok	
8006d3a4	FUN_8006d3a4	9276	ok	
8006f7e0	FUN_8006f7e0	5080	ok	
80070bb8	FUN_80070bb8	32	ok	
80070bd8	FUN_80070bd8	44	ok	
80070c04	FUN_80070c04	120	ok	
80070c7c	FUN_80070c7c	192	ok	
80070d3c	FUN_80070d3c	40	ok	
80070d64	FUN_80070d64	140	ok	
80070df0	FUN_80070df0	172	ok	
80070e9c	FUN_80070e9c	84	ok	
80070ef0	FUN_80070ef0	92	ok	
80070f4c	FUN_80070f4c	104	ok	
80070fb4	FUN_80070fb4	56	ok	
80070fec	FUN_80070fec	128	ok	
8007106c	FUN_8007106c	128	ok	
800710ec	FUN_800710ec	124	ok	
80071168	FUN_80071168	124	ok	
800711e4	FUN_800711e4	168	ok	
8007128c	FUN_8007128c	160	ok	
8007132c	FUN_8007132c	132	ok	
80071480	FUN_80071480	104	ok	
800714e8	FUN_800714e8	220	ok	
800715d4	FUN_800715d4	392	ok	
8007175c	FUN_8007175c	180	ok	
80071810	FUN_80071810	108	ok	
8007187c	FUN_8007187c	108	ok	
800718e8	FUN_800718e8	152	ok	
80071980	FUN_80071980	108	ok	
800719ec	FUN_800719ec	60	ok	
80071a28	FUN_80071a28	60	ok	
80071a64	FUN_80071a64	116	ok	
80071ad8	FUN_80071ad8	60	ok	
80071b14	FUN_80071b14	120	ok	
80071b8c	FUN_80071b8c	136	ok	
80071c14	FUN_80071c14	60	ok	
80071c50	FUN_80071c50	60	ok	
80071c8c	FUN_80071c8c	60	ok	
80071cc8	FUN_80071cc8	548	ok	
80071eec	FUN_80071eec	576	ok	
8007212c	FUN_8007212c	332	ok	
80072278	FUN_80072278	520	ok	
80072480	FUN_80072480	272	ok	
80072590	FUN_80072590	388	ok	
80072714	FUN_80072714	384	ok	
80072894	FUN_80072894	464	ok	
80072a64	FUN_80072a64	296	ok	
80072b8c	FUN_80072b8c	124	ok	
80072c08	FUN_80072c08	180	ok	
80072cbc	FUN_80072cbc	204	ok	
80072d88	FUN_80072d88	648	ok	
80073010	FUN_80073010	888	ok	
80073388	FUN_80073388	348	ok	
800734f4	FUN_800734f4	196	ok	
800735b8	FUN_800735b8	60	ok	
800735f4	FUN_800735f4	404	ok	
80073878	FUN_80073878	112	ok	
80073910	FUN_80073910	120	ok	
800739e8	FUN_800739e8	92	ok	
80073a44	FUN_80073a44	196	ok	
80073b08	FUN_80073b08	60	ok	
80073b44	FUN_80073b44	72	ok	
80073b8c	FUN_80073b8c	104	ok	
80073bf4	FUN_80073bf4	56	ok	
80073c2c	FUN_80073c2c	32	ok	
80073c4c	FUN_80073c4c	32	ok	
80073c6c	FUN_80073c6c	16	ok	
80073c7c	FUN_80073c7c	36	ok	
80073ca0	FUN_80073ca0	192	ok	
80073d60	FUN_80073d60	24	ok	
80073d88	FUN_80073d88	12	ok	
80073d98	FUN_80073d98	12	ok	
80073da8	FUN_80073da8	12	ok	
80073db8	FUN_80073db8	12	ok	
80073dc8	FUN_80073dc8	12	ok	
80073dd8	FUN_80073dd8	12	ok	
80073de8	FUN_80073de8	12	ok	
80073df8	FUN_80073df8	16	ok	
80073e08	FUN_80073e08	16	ok	
80073e18	FUN_80073e18	12	ok	
80073e28	FUN_80073e28	12	ok	
80073e38	FUN_80073e38	12	ok	
80073e48	FUN_80073e48	12	ok	
80073e58	FUN_80073e58	12	ok	
80073e68	FUN_80073e68	12	ok	
80073e88	FUN_80073e88	12	ok	
80073e98	FUN_80073e98	156	ok	
80073f34	FUN_80073f34	56	ok	
80073f6c	FUN_80073f6c	48	ok	
80073f9c	FUN_80073f9c	52	ok	
80074008	FUN_80074008	412	ok	
800741a4	FUN_800741a4	256	ok	
800742a8	FUN_800742a8	12	ok	
800742c4	FUN_800742c4	16	ok	
800742d4	FUN_800742d4	144	ok	
80074364	FUN_80074364	144	ok	
800743f4	FUN_800743f4	48	ok	
80074424	FUN_80074424	120	ok	
8007449c	FUN_8007449c	104	ok	
80074548	FUN_80074548	12	ok	
80074558	FUN_80074558	12	ok	
80074568	FUN_80074568	12	ok	
80074578	FUN_80074578	12	ok	
80074588	FUN_80074588	12	ok	
80074598	FUN_80074598	20	ok	
800745c0	FUN_800745c0	112	ok	
80074638	FUN_80074638	12	ok	
80074648	FUN_80074648	104	ok	
800746b8	FUN_800746b8	376	ok	
80074830	FUN_80074830	152	ok	
800748c8	FUN_800748c8	12	ok	
800748d8	FUN_800748d8	48	ok	
80074908	FUN_80074908	48	ok	
80074938	FUN_80074938	48	ok	
80074968	FUN_80074968	52	ok	
8007499c	FUN_8007499c	48	ok	
800749cc	FUN_800749cc	48	ok	
800749fc	FUN_800749fc	48	ok	
80074a2c	FUN_80074a2c	16	ok	
80074a54	FUN_80074a54	24	ok	
80074a6c	FUN_80074a6c	216	ok	
80074b44	FUN_80074b44	464	ok	
80074d14	FUN_80074d14	328	ok	
80074e5c	FUN_80074e5c	160	ok	
80074efc	FUN_80074efc	120	ok	
80074f74	FUN_80074f74	36	ok	
80074fa0	FUN_80074fa0	12	ok	
80074fb8	FUN_80074fb8	12	ok	
80074fc8	FUN_80074fc8	12	ok	
80074fd8	FUN_80074fd8	12	ok	
80074fe8	FUN_80074fe8	88	ok	
80075040	FUN_80075040	108	ok	
800750d8	FUN_800750d8	36	ok	
80075108	FUN_80075108	76	ok	
80075154	FUN_80075154	384	ok	
80075380	FUN_80075380	36	ok	
800753a8	FUN_800753a8	20	ok	
800753bc	FUN_800753bc	16	ok	
800753d8	FUN_800753d8	32	ok	
800753f8	FUN_800753f8	232	ok	
800754e0	FUN_800754e0	112	ok	
80075558	FUN_80075558	640	ok	
800757d8	FUN_800757d8	448	ok	
80075998	FUN_80075998	188	ok	
80075a54	FUN_80075a54	168	ok	
80075afc	FUN_80075afc	640	ok	
80075d7c	FUN_80075d7c	132	ok	
80075e00	FUN_80075e00	100	ok	
80075e64	FUN_80075e64	68	ok	
80075ea8	FUN_80075ea8	164	ok	
80075fe0	FUN_80075fe0	40	ok	
80076008	FUN_80076008	40	ok	
80076030	FUN_80076030	92	ok	
80076098	FUN_80076098	12	ok	
800760a8	FUN_800760a8	36	ok	
800760d8	FUN_800760d8	116	ok	
80076158	FUN_80076158	232	ok	
800762c8	FUN_800762c8	140	ok	
80076358	FUN_80076358	32	ok	
80076378	FUN_80076378	1236	ok	
80076858	FUN_80076858	1232	ok	
80076d28	FUN_80076d28	76	ok	
80076d78	FUN_80076d78	64	ok	
80076db8	FUN_80076db8	36	ok	
80076de8	FUN_80076de8	700	ok	
800770a8	FUN_800770a8	36	ok	
800770d8	FUN_800770d8	48	ok	
80077108	FUN_80077108	404	ok	
800772a8	FUN_800772a8	12	ok	
800772b8	FUN_800772b8	108	ok	
80077328	FUN_80077328	316	ok	
80077468	FUN_80077468	444	ok	
80077628	FUN_80077628	144	ok	
800776b8	FUN_800776b8	48	ok	
800776e8	FUN_800776e8	92	ok	
80077748	FUN_80077748	92	ok	
800777a8	FUN_800777a8	48	ok	
800777d8	FUN_800777d8	164	ok	
8007795c	FUN_8007795c	136	ok	
800779e8	FUN_800779e8	1528	ok	
80077fe8	FUN_80077fe8	208	ok	
800781e8	FUN_800781e8	28	ok	
80078208	FUN_80078208	892	ok	
80078588	FUN_80078588	460	ok	
80078758	FUN_80078758	44	ok	
80078788	FUN_80078788	128	ok	
80078808	FUN_80078808	96	ok	
80078868	FUN_80078868	128	ok	
800788e8	FUN_800788e8	140	ok	
80078974	FUN_80078974	88	ok	
800789d8	FUN_800789d8	132	ok	
80078a68	FUN_80078a68	172	ok	
80078b18	FUN_80078b18	52	ok	
80078b58	FUN_80078b58	184	ok	
80078c18	FUN_80078c18	28	ok	
80078c38	FUN_80078c38	2332	ok	
80079554	FUN_80079554	44	ok	
80079580	FUN_80079580	424	ok	
80079728	FUN_80079728	1380	ok	
80079c8c	FUN_80079c8c	640	ok	
80079f0c	FUN_80079f0c	712	ok	
8007a1d4	FUN_8007a1d4	1036	ok	
8007a5e0	FUN_8007a5e0	136	ok	
8007a668	FUN_8007a668	212	ok	
8007a73c	FUN_8007a73c	240	ok	
8007a82c	FUN_8007a82c	76	ok	
8007a878	FUN_8007a878	480	ok	
8007aa58	FUN_8007aa58	360	ok	
8007abcc	FUN_8007abcc	216	ok	
8007aca8	FUN_8007aca8	260	ok	
8007adb8	FUN_8007adb8	32	ok	
8007add8	FUN_8007add8	20	ok	
8007adf8	FUN_8007adf8	36	ok	
8007ae28	FUN_8007ae28	48	ok	
8007ae58	FUN_8007ae58	236	ok	
8007af44	FUN_8007af44	96	ok	
8007afa4	FUN_8007afa4	136	ok	
8007b02c	FUN_8007b02c	496	ok	
8007b21c	FUN_8007b21c	112	ok	
8007b28c	FUN_8007b28c	548	ok	
8007b4b0	FUN_8007b4b0	140	ok	
8007b53c	FUN_8007b53c	324	ok	
8007b680	FUN_8007b680	268	ok	
8007b78c	FUN_8007b78c	628	ok	
8007ba00	FUN_8007ba00	52	ok	
8007ba34	FUN_8007ba34	928	ok	
8007bdd4	FUN_8007bdd4	496	ok	
8007bfc4	FUN_8007bfc4	148	ok	
8007c058	FUN_8007c058	16	ok	
8007c068	FUN_8007c068	164	ok	
8007c10c	FUN_8007c10c	212	ok	
8007c1e0	FUN_8007c1e0	44	ok	
8007c218	FUN_8007c218	160	ok	
8007c2b8	FUN_8007c2b8	224	ok	
8007c398	FUN_8007c398	64	ok	
8007c3d8	FUN_8007c3d8	124	ok	
8007c454	FUN_8007c454	12	ok	
8007c460	FUN_8007c460	12	ok	
8007c46c	FUN_8007c46c	12	ok	
8007c478	FUN_8007c478	12	ok	
8007c484	FUN_8007c484	24	ok	
8007c4ac	FUN_8007c4ac	16	ok	
8007c4bc	FUN_8007c4bc	12	ok	
8007c4d8	FUN_8007c4d8	16	ok	
8007c4f8	FUN_8007c4f8	16	ok	
8007c508	FUN_8007c508	64	ok	
8007c548	FUN_8007c548	472	ok	
8007c720	FUN_8007c720	720	ok	
8007c9f0	FUN_8007c9f0	136	ok	
8007ca78	FUN_8007ca78	272	ok	
8007cb88	FUN_8007cb88	484	ok	
8007cd6c	FUN_8007cd6c	648	ok	
8007cff4	FUN_8007cff4	236	ok	
8007d0e0	FUN_8007d0e0	148	ok	
8007d174	FUN_8007d174	176	ok	
8007d224	FUN_8007d224	120	ok	
8007d29c	FUN_8007d29c	16	ok	
8007d2ac	FUN_8007d2ac	16	ok	
8007d2bc	FUN_8007d2bc	72	ok	
8007d304	FUN_8007d304	72	ok	
8007d358	FUN_8007d358	32	ok	
8007d378	FUN_8007d378	304	ok	
8007d4a8	FUN_8007d4a8	52	ok	
8007d4dc	FUN_8007d4dc	376	ok	
8007d654	FUN_8007d654	212	ok	
8007d728	FUN_8007d728	112	ok	
8007d7ac	FUN_8007d7ac	32	ok	
8007d7cc	FUN_8007d7cc	156	ok	
8007d868	FUN_8007d868	28	ok	
8007d888	FUN_8007d888	212	ok	
8007d95c	FUN_8007d95c	32	ok	
8007d988	FUN_8007d988	736	ok	
8007dc68	FUN_8007dc68	32	ok	
8007dc88	FUN_8007dc88	708	ok	
8007df4c	FUN_8007df4c	164	ok	
8007dff0	FUN_8007dff0	668	ok	
8007e28c	FUN_8007e28c	92	ok	
8007e2e8	FUN_8007e2e8	132	ok	
8007e36c	FUN_8007e36c	100	ok	
8007e3d0	FUN_8007e3d0	20	ok	
8007e3e4	FUN_8007e3e4	732	ok	
8007e6c0	FUN_8007e6c0	184	ok	
8007e778	FUN_8007e778	120	ok	
8007e7f0	FUN_8007e7f0	48	ok	
8007e820	FUN_8007e820	16	ok	
8007e830	FUN_8007e830	80	ok	
8007e888	FUN_8007e888	36	ok	
8007e8b8	FUN_8007e8b8	36	ok	
8007e8e8	FUN_8007e8e8	32	ok	
8007e908	FUN_8007e908	32	ok	
8007e928	FUN_8007e928	56	ok	
8007e968	FUN_8007e968	32	ok	
8007e988	FUN_8007e988	256	ok	
8007ea88	FUN_8007ea88	32	ok	
8007eaa8	FUN_8007eaa8	236	ok	
8007eb98	FUN_8007eb98	260	ok	
8007eca8	FUN_8007eca8	128	ok	
8007ed28	FUN_8007ed28	84	ok	
8007ed88	FUN_8007ed88	104	ok	
8007edf8	FUN_8007edf8	20	ok	
8007ee18	FUN_8007ee18	20	ok	
8007ee38	FUN_8007ee38	36	ok	
8007ee68	FUN_8007ee68	64	ok	
8007eea8	FUN_8007eea8	160	ok	
8007ef48	FUN_8007ef48	700	ok	
8007f204	FUN_8007f204	796	ok	
8007f520	FUN_8007f520	964	ok	
8007f8e8	FUN_8007f8e8	372	ok	
8007fa5c	FUN_8007fa5c	92	ok	
8007fab8	FUN_8007fab8	164	ok	
8007fb5c	FUN_8007fb5c	16	ok	
8007fb6c	FUN_8007fb6c	96	ok	
8007fbcc	FUN_8007fbcc	152	ok	
8007fc64	FUN_8007fc64	104	ok	
8007fccc	FUN_8007fccc	284	ok	
8007fde8	FUN_8007fde8	144	ok	
8007fe78	FUN_8007fe78	152	ok	
8007ff10	FUN_8007ff10	96	ok	
8007ff70	FUN_8007ff70	96	ok	
8007ffd0	FUN_8007ffd0	184	ok	
80080150	FUN_80080150	172	ok	
800801fc	FUN_800801fc	92	ok	
80080258	FUN_80080258	112	ok	
800802c8	FUN_800802c8	192	ok	
80080388	FUN_80080388	216	ok	
80080460	FUN_80080460	52	ok	
80080494	FUN_80080494	1272	ok	
8008098c	FUN_8008098c	52	ok	
800809c0	FUN_800809c0	48	ok	
800809f0	FUN_800809f0	128	ok	
80080a70	FUN_80080a70	64	ok	
80080ab0	FUN_80080ab0	504	ok	
80080ca8	FUN_80080ca8	624	ok	
80080f18	FUN_80080f18	32	ok	
80080f38	FUN_80080f38	152	ok	
80080fd0	FUN_80080fd0	152	ok	
80081068	FUN_80081068	28	ok	
80081084	FUN_80081084	128	ok	
80081104	FUN_80081104	24	ok	
8008111c	FUN_8008111c	224	ok	
800811fc	FUN_800811fc	560	ok	
8008142c	FUN_8008142c	572	ok	
80081668	FUN_80081668	640	ok	
800818e8	FUN_800818e8	20	ok	
80081904	FUN_80081904	64	ok	
80081944	FUN_80081944	72	ok	
8008198c	FUN_8008198c	48	ok	
800819bc	FUN_800819bc	36	ok	
800819e0	FUN_800819e0	688	ok	
80081c90	FUN_80081c90	608	ok	
80081ef0	FUN_80081ef0	316	ok	
8008202c	FUN_8008202c	316	ok	
80082168	FUN_80082168	52	ok	
8008219c	FUN_8008219c	324	ok	
800822e0	FUN_800822e0	160	ok	
80082380	FUN_80082380	236	ok	
8008246c	FUN_8008246c	236	ok	
80082558	FUN_80082558	324	ok	
80082798	FUN_80082798	40	ok	
800827c0	FUN_800827c0	36	ok	
800827e8	FUN_800827e8	12	ok	
8008288c	FUN_8008288c	96	ok	
800828ec	FUN_800828ec	288	ok	
80082a18	FUN_80082a18	232	ok	
80082b08	FUN_80082b08	100	ok	
80082b78	FUN_80082b78	100	ok	
80082be8	FUN_80082be8	180	ok	
80082ce8	FUN_80082ce8	60	ok	
80082d28	FUN_80082d28	24	ok	
80082d48	FUN_80082d48	60	ok	
80082d88	FUN_80082d88	24	ok	
80082da8	FUN_80082da8	40	ok	
80082e48	FUN_80082e48	20	ok	
80082ec8	FUN_80082ec8	20	ok	
80082ee8	FUN_80082ee8	20	ok	
80082f08	FUN_80082f08	20	ok	
80082f28	FUN_80082f28	20	ok	
80082f48	FUN_80082f48	148	ok	
80082ff8	FUN_80082ff8	100	ok	
8008305c	FUN_8008305c	280	ok	
80083178	FUN_80083178	2120	ok	
800839c8	FUN_800839c8	64	ok	
80083a08	FUN_80083a08	708	ok	
80083ccc	FUN_80083ccc	616	ok	
80083f38	FUN_80083f38	216	ok	
80084018	FUN_80084018	152	ok	
800840b8	FUN_800840b8	264	ok	
800841c8	FUN_800841c8	216	ok	
800842a8	FUN_800842a8	452	ok	
80084478	FUN_80084478	1272	ok	
80084978	FUN_80084978	380	ok	
80084af8	FUN_80084af8	600	ok	
80084d58	FUN_80084d58	116	ok	
80084dcc	FUN_80084dcc	284	ok	
80084ee8	FUN_80084ee8	104	ok	
80084f50	FUN_80084f50	544	ok	
800852a8	FUN_800852a8	16	ok	
800852b8	FUN_800852b8	264	ok	
800853c8	FUN_800853c8	120	ok	
80085448	FUN_80085448	56	ok	
80085488	FUN_80085488	164	ok	
80085538	FUN_80085538	20	ok	
80085558	FUN_80085558	44	ok	
80085588	FUN_80085588	148	ok	
80085628	FUN_80085628	152	ok	
800856c8	FUN_800856c8	116	ok	
80085748	FUN_80085748	32	ok	
80085768	FUN_80085768	1208	ok	
80085c20	FUN_80085c20	100	ok	
80085c84	FUN_80085c84	76	ok	
80085cd8	FUN_80085cd8	40	ok	
80085d08	FUN_80085d08	36	ok	
80085d38	FUN_80085d38	88	ok	
80085d98	FUN_80085d98	180	ok	
80085e58	FUN_80085e58	180	ok	
80085f18	FUN_80085f18	288	ok	
80086038	FUN_80086038	76	ok	
80086088	FUN_80086088	228	ok	
80086178	FUN_80086178	200	ok	
80086248	FUN_80086248	12	ok	
80086258	FUN_80086258	712	ok	
80086528	FUN_80086528	128	ok	
800865a8	FUN_800865a8	128	ok	
80086628	FUN_80086628	60	ok	
80086664	FUN_80086664	144	ok	
800866f8	FUN_800866f8	160	ok	
80086798	FUN_80086798	260	ok	
800868a8	FUN_800868a8	196	ok	
80086978	FUN_80086978	284	ok	
80086a98	FUN_80086a98	160	ok	
80086b38	FUN_80086b38	312	ok	
80086c78	FUN_80086c78	208	ok	
80086d50	FUN_80086d50	128	ok	
80086dd8	FUN_80086dd8	124	ok	
80086ff8	FUN_80086ff8	352	ok	
80087158	FUN_80087158	164	ok	
800871fc	FUN_800871fc	164	ok	
800872f8	FUN_800872f8	268	ok	
80087408	FUN_80087408	268	ok	
80087518	FUN_80087518	80	ok	
800875c8	FUN_800875c8	36	ok	
800875f8	FUN_800875f8	312	ok	
80087738	FUN_80087738	48	ok	
80087768	FUN_80087768	48	ok	
80087798	FUN_80087798	48	ok	
800877c8	FUN_800877c8	32	ok	
800877e8	FUN_800877e8	12	ok	
800877f8	FUN_800877f8	32	ok	
80087818	FUN_80087818	32	ok	
80087838	FUN_80087838	24	ok	
80087858	FUN_80087858	12	ok	
800878f8	FUN_800878f8	40	ok	
80087928	FUN_80087928	36	ok	
80087958	FUN_80087958	120	ok	
800879d8	FUN_800879d8	88	ok	
80087a38	FUN_80087a38	124	ok	
80087ab8	FUN_80087ab8	136	ok	
80087b48	FUN_80087b48	176	ok	
80087bf8	FUN_80087bf8	76	ok	
80087c48	FUN_80087c48	100	ok	
80087cb8	FUN_80087cb8	652	ok	
80088948	FUN_80088948	648	ok	
80088bd8	FUN_80088bd8	508	ok	
80088dd8	FUN_80088dd8	528	ok	
80088fe8	FUN_80088fe8	508	ok	
800891e8	FUN_800891e8	512	ok	
800893e8	FUN_800893e8	24	ok	
80089410	FUN_80089410	1160	ok	
80089898	FUN_80089898	140	ok	
80089928	FUN_80089928	372	ok	
80089aa8	FUN_80089aa8	172	ok	
80089b88	FUN_80089b88	12	ok	
80089b98	FUN_80089b98	12	ok	
80089ba8	FUN_80089ba8	32	ok	
80089bf8	FUN_80089bf8	32	ok	
80089c48	FUN_80089c48	48	ok	
80089c78	FUN_80089c78	52	ok	
80089cb8	FUN_80089cb8	168	ok	
80089d60	FUN_80089d60	60	ok	
80089dc8	FUN_80089dc8	132	ok	
80089e58	FUN_80089e58	168	ok	
80089f08	FUN_80089f08	440	ok	
8008a0c0	FUN_8008a0c0	16	ok	
8008a0d8	FUN_8008a0d8	300	ok	
8008a208	FUN_8008a208	404	ok	
8008a3a8	FUN_8008a3a8	128	ok	
8008a428	FUN_8008a428	696	ok	
8008a6e8	FUN_8008a6e8	712	ok	
8008a9b8	FUN_8008a9b8	788	ok	
8008acd8	FUN_8008acd8	976	ok	
8008b0a8	FUN_8008b0a8	236	ok	
8008b194	FUN_8008b194	200	ok	
8008b25c	FUN_8008b25c	28	ok	
8008b278	FUN_8008b278	64	ok	
8008b2b8	FUN_8008b2b8	12	ok	
8008b2c8	FUN_8008b2c8	12	ok	
8008b2d8	FUN_8008b2d8	12	ok	
8008b2e8	FUN_8008b2e8	12	ok	
8008b2f8	FUN_8008b2f8	12	ok	
8008b308	FUN_8008b308	12	ok	
8008b318	FUN_8008b318	12	ok	
8008b328	FUN_8008b328	52	ok	
8008b368	FUN_8008b368	144	ok	
8008b3f8	FUN_8008b3f8	72	ok	
8008b440	FUN_8008b440	40	ok	
8008b468	FUN_8008b468	12	ok	
8008b478	FUN_8008b478	12	ok	
8008b488	FUN_8008b488	12	ok	
8008b498	FUN_8008b498	68	ok	
8008b574	FUN_8008b574	148	ok	
8008b608	FUN_8008b608	112	ok	
8008b678	FUN_8008b678	52	ok	
8008b6b8	FUN_8008b6b8	112	ok	
8008b738	FUN_8008b738	48	ok	
8008b768	FUN_8008b768	32	ok	
8008b788	FUN_8008b788	40	ok	
8008b7b0	FUN_8008b7b0	40	ok	
8008b7e4	FUN_8008b7e4	112	ok	
8008b854	FUN_8008b854	64	ok	
8008b894	FUN_8008b894	104	ok	
8008b8fc	FUN_8008b8fc	796	ok	
8008bc18	FUN_8008bc18	104	ok	
8008bc80	FUN_8008bc80	680	ok	
8008bf28	FUN_8008bf28	392	ok	
8008c0b0	FUN_8008c0b0	68	ok	
8008c0f4	FUN_8008c0f4	184	ok	
8008c1ac	FUN_8008c1ac	432	ok	
8008c35c	FUN_8008c35c	184	ok	
8008c414	FUN_8008c414	428	ok	
8008c5c0	FUN_8008c5c0	280	ok	
8008c6d8	FUN_8008c6d8	264	ok	
8008c7e0	FUN_8008c7e0	280	ok	
8008c8f8	FUN_8008c8f8	264	ok	
8008ca00	FUN_8008ca00	604	ok	
8008cc5c	FUN_8008cc5c	20	ok	
8008cc70	FUN_8008cc70	284	ok	
8008cd8c	FUN_8008cd8c	252	ok	
8008ce88	FUN_8008ce88	116	ok	
8008cefc	FUN_8008cefc	84	ok	
8008cf50	FUN_8008cf50	172	ok	
8008cffc	FUN_8008cffc	92	ok	
8008d058	FUN_8008d058	16	ok	
8008d068	FUN_8008d068	124	ok	
8008d0e4	FUN_8008d0e4	108	ok	
8008d150	FUN_8008d150	16	ok	
8008d208	FUN_8008d208	48	ok	
8008d238	FUN_8008d238	476	ok	
8008d414	FUN_8008d414	32	ok	
8008d434	FUN_8008d434	180	ok	
8008d4e8	FUN_8008d4e8	264	ok	
8008d5f0	FUN_8008d5f0	216	ok	
8008d6c8	FUN_8008d6c8	216	ok	
8008d7a0	FUN_8008d7a0	60	ok	
8008d7dc	FUN_8008d7dc	60	ok	
8008d818	FUN_8008d818	976	ok	
8008dbe8	FUN_8008dbe8	1716	ok	
8008e2a8	FUN_8008e2a8	128	ok	
8008e408	FUN_8008e408	44	ok	
8008e434	FUN_8008e434	136	ok	
8008e5e8	FUN_8008e5e8	424	ok	
8008e790	FUN_8008e790	80	ok	
8008e7e0	FUN_8008e7e0	556	ok	
8008ea18	FUN_8008ea18	112	ok	
8008ea88	FUN_8008ea88	64	ok	
8008eac8	FUN_8008eac8	84	ok	
8008eb28	FUN_8008eb28	324	ok	
8008ec6c	FUN_8008ec6c	212	ok	
8008ed40	FUN_8008ed40	52	ok	
8008ed74	FUN_8008ed74	208	ok	
8008ee44	FUN_8008ee44	520	ok	
8008f04c	FUN_8008f04c	348	ok	
8008f29c	FUN_8008f29c	120	ok	
8008f328	FUN_8008f328	64	ok	
8008f368	FUN_8008f368	368	ok	
8008f4d8	FUN_8008f4d8	48	ok	
8008f508	FUN_8008f508	52	ok	
8008f548	FUN_8008f548	48	ok	
8008f578	FUN_8008f578	336	ok	
8008f6c8	FUN_8008f6c8	60	ok	
8008f708	FUN_8008f708	48	ok	
8008f738	FUN_8008f738	12	ok	
8008f748	FUN_8008f748	164	ok	
8008f7f8	FUN_8008f7f8	100	ok	
8008f868	FUN_8008f868	68	ok	
8008f948	FUN_8008f948	52	ok	
8008f988	FUN_8008f988	128	ok	
8008fa08	FUN_8008fa08	112	ok	
8008fa78	FUN_8008fa78	60	ok	
8008fab8	FUN_8008fab8	1684	ok	
80090158	FUN_80090158	80	ok	
800901a8	FUN_800901a8	252	ok	
800902a4	FUN_800902a4	60	ok	
800902e0	FUN_800902e0	296	ok	
80090408	FUN_80090408	2176	ok	
80090c88	FUN_80090c88	108	ok	
80090cf8	FUN_80090cf8	84	ok	
80090d58	FUN_80090d58	60	ok	
80090d94	FUN_80090d94	60	ok	
80090dd8	FUN_80090dd8	12	ok	
80090de8	FUN_80090de8	52	ok	
80090ea8	FUN_80090ea8	152	ok	
80090f40	FUN_80090f40	124	ok	
80090fbc	FUN_80090fbc	32	ok	
80090fdc	FUN_80090fdc	60	ok	
80091018	FUN_80091018	72	ok	
80091060	FUN_80091060	36	ok	
80091084	FUN_80091084	36	ok	
800910a8	FUN_800910a8	240	ok	
80091198	FUN_80091198	144	ok	
80091228	FUN_80091228	140	ok	
800912b4	FUN_800912b4	148	ok	
80091348	FUN_80091348	148	ok	
800913dc	FUN_800913dc	24	ok	
800913f4	FUN_800913f4	124	ok	
800914a8	FUN_800914a8	844	ok	
800917f8	FUN_800917f8	228	ok	
80100000	FUN_80100000	68	failed	 Low-level Error: Flow exceeded maximum allowable instructions
8013b004	FUN_8013b004	68	failed	 Low-level Error: Flow exceeded maximum allowable instructions
80140000	FUN_80140000	68	failed	 Low-level Error: Flow exceeded maximum allowable instructions
80146258	FUN_80146258	68	failed	 Low-level Error: Flow exceeded maximum allowable instructions
801680f4	FUN_801680f4	68	ok	
80168160	FUN_80168160	68	ok	
80168254	FUN_80168254	68	ok	
80168344	FUN_80168344	68	ok	
8016866c	FUN_8016866c	64	ok	
801686ac	FUN_801686ac	4	ok	
80168e1c	FUN_80168e1c	68	ok	
80168fcc	FUN_80168fcc	68	ok	
80169024	FUN_80169024	68	ok	
80169a1c	FUN_80169a1c	68	ok	
80169e64	FUN_80169e64	68	ok	
8016a160	FUN_8016a160	68	ok	
8016a850	FUN_8016a850	68	ok	
8017a004	FUN_8017a004	68	ok	
8017b004	FUN_8017b004	68	ok	
80180004	FUN_80180004	24	ok	
8018001c	FUN_8018001c	68	ok	
8018019c	FUN_8018019c	68	ok	
80180390	FUN_80180390	68	ok	
80180420	FUN_80180420	68	ok	
80180e48	FUN_80180e48	68	ok	
80181050	FUN_80181050	68	ok	
80181408	FUN_80181408	68	ok	
80181f88	FUN_80181f88	68	ok	
801820c0	FUN_801820c0	68	ok	
80182408	FUN_80182408	68	ok	
80184210	FUN_80184210	68	ok	
